<!DOCTYPE suite SYSTEM "http://testng.org/testng-1.0.dtd">
<suite name="Appium Demo Suite" verbose="0" parallel="tests">
    <listeners>
        <listener class-name="com.quantum.listeners.QuantumReportiumListener"/>
    </listeners>

    <!-- To use actual AppiumDriver classes defined    -->
    <!-- by driverClass property in env.resources dirs -->
    <!-- Set driver.name value to perfectoDriver       -->
    <parameter name="driver.name" value="appiumDriver"/>

    <test name="IOS EriBank Login Test" enabled="true">

        <groups>
            <run>
                <include name="@appium"/>
            </run>
        </groups>
        <classes>
            <class name="com.qmetry.qaf.automation.step.client.gherkin.GherkinScenarioFactory"/>
        </classes>
    </test>
</suite>